{"activityLevel":0,"activityList":[{"activeTime":5991151,"calorie":427.24002,"distance":8192.09,"type":1001},{"activeTime":1656085,"calorie":101.62135,"distance":2256.8364,"type":-1}],"age":26,"gender":"M","height":170.0,"stepCount":14642,"weight":65.0}