{"activityLevel":0,"activityList":[{"activeTime":4156245,"calorie":282.27002,"distance":5337.83,"type":1001},{"activeTime":1076763,"calorie":61.779503,"distance":1402.0999,"type":-1}],"age":26,"gender":"M","height":170.0,"stepCount":9463,"weight":65.0}