{"activityLevel":0,"activityList":[{"activeTime":664471,"calorie":35.829998,"distance":861.16003,"type":1001},{"activeTime":4926085,"calorie":297.60745,"distance":7061.2124,"type":-1}],"age":26,"gender":"M","height":170.0,"stepCount":10227,"weight":65.0}