{"activityLevel":0,"activityList":[{"activeTime":1310869,"calorie":74.259995,"distance":1808.34,"type":1001},{"activeTime":1659799,"calorie":102.51033,"distance":2299.5234,"type":-1}],"age":29,"gender":"M","height":170.0,"stepCount":5227,"weight":65.0}