{"activityLevel":0,"activityList":[{"activeTime":3610090,"calorie":203.70001,"distance":4886.3,"type":1001},{"activeTime":3853749,"calorie":220.58438,"distance":4997.4272,"type":-1}],"age":27,"gender":"M","height":170.0,"stepCount":12661,"weight":65.0}