{"activityLevel":0,"activityList":[{"activeTime":1392854,"calorie":82.270004,"distance":1902.87,"type":1001},{"activeTime":2918946,"calorie":186.53766,"distance":4102.3755,"type":-1}],"age":27,"gender":"M","height":170.0,"stepCount":7588,"weight":65.0}