{"activityLevel":0,"activityList":[{"activeTime":5273711,"calorie":362.72003,"distance":7146.8203,"type":1001},{"activeTime":578880,"calorie":43.648838,"distance":783.163,"type":-1}],"age":26,"gender":"M","height":170.0,"stepCount":11106,"weight":65.0}