{"activityLevel":0,"activityList":[{"activeTime":3598312,"calorie":158.59,"distance":3590.5703,"type":1001},{"activeTime":1213320,"calorie":183.41353,"distance":0.0,"type":11007},{"activeTime":1933504,"calorie":116.31135,"distance":2634.3281,"type":-1}],"age":27,"gender":"M","height":170.0,"stepCount":9156,"weight":65.0}