{"activityLevel":0,"activityList":[{"activeTime":947600,"calorie":56.589996,"distance":1145.4258,"type":1001},{"activeTime":4690215,"calorie":301.87488,"distance":6059.697,"type":-1}],"age":27,"gender":"M","height":170.0,"stepCount":9322,"weight":65.0}