{"activityLevel":0,"activityList":[{"activeTime":1621933,"calorie":123.490005,"distance":2329.28,"type":1001},{"activeTime":2336159,"calorie":138.53134,"distance":3110.2805,"type":-1}],"age":27,"gender":"M","height":170.0,"stepCount":7255,"weight":65.0}