{"activityLevel":0,"activityList":[{"activeTime":6321855,"calorie":464.09003,"distance":8535.79,"type":1001},{"activeTime":347133,"calorie":21.189331,"distance":419.77628,"type":-1}],"age":26,"gender":"M","height":170.0,"stepCount":12757,"weight":65.0}