{"activityLevel":0,"activityList":[{"activeTime":1530560,"calorie":83.43001,"distance":1779.7837,"type":1001},{"activeTime":5460713,"calorie":336.66806,"distance":7420.643,"type":-1}],"age":27,"gender":"M","height":170.0,"stepCount":11984,"weight":65.0}