{"activityLevel":0,"activityList":[{"activeTime":3520748,"calorie":259.16998,"distance":4764.3096,"type":1001},{"activeTime":3261873,"calorie":218.20984,"distance":4746.405,"type":-1}],"age":26,"gender":"M","height":170.0,"stepCount":12782,"weight":65.0}