{"activityLevel":0,"activityList":[{"activeTime":1394236,"calorie":73.229996,"distance":1692.78,"type":1001},{"activeTime":1795018,"calorie":107.16084,"distance":2362.0554,"type":-1}],"age":27,"gender":"M","height":170.0,"stepCount":5128,"weight":65.0}