{"activityLevel":0,"activityList":[{"activeTime":2703031,"calorie":155.32999,"distance":3428.73,"type":1001},{"activeTime":2926757,"calorie":182.31679,"distance":3636.9001,"type":-1}],"age":27,"gender":"M","height":170.0,"stepCount":9571,"weight":65.0}