{"activityLevel":0,"activityList":[{"activeTime":1607330,"calorie":107.81999,"distance":2117.6199,"type":1001},{"activeTime":1560511,"calorie":104.56268,"distance":2063.028,"type":-1}],"age":26,"gender":"M","height":170.0,"stepCount":5287,"weight":65.0}