{"activityLevel":0,"activityList":[{"activeTime":3663843,"calorie":262.33002,"distance":4914.98,"type":1001},{"activeTime":1958167,"calorie":127.467155,"distance":2354.3127,"type":-1}],"age":26,"gender":"M","height":170.0,"stepCount":10148,"weight":65.0}