{"activityLevel":0,"activityList":[{"activeTime":6108361,"calorie":439.52002,"distance":8255.529,"type":1001},{"activeTime":4090868,"calorie":259.47852,"distance":5745.515,"type":-1}],"age":26,"gender":"M","height":170.0,"stepCount":18984,"weight":65.0}