{"activityLevel":0,"activityList":[{"activeTime":1757534,"calorie":120.130005,"distance":2375.38,"type":1001},{"activeTime":1377621,"calorie":83.813484,"distance":1811.1615,"type":-1}],"age":26,"gender":"M","height":170.0,"stepCount":5664,"weight":65.0}