{"activityLevel":0,"activityList":[{"activeTime":2080775,"calorie":128.01001,"distance":2813.78,"type":1001},{"activeTime":2869989,"calorie":165.46294,"distance":3830.4346,"type":-1}],"age":26,"gender":"M","height":170.0,"stepCount":8611,"weight":65.0}