{"activityLevel":0,"activityList":[{"activeTime":4193200,"calorie":309.21997,"distance":5887.54,"type":1001},{"activeTime":3606415,"calorie":219.50299,"distance":4764.4355,"type":-1}],"age":26,"gender":"M","height":170.0,"stepCount":14497,"weight":65.0}