{"activityLevel":0,"activityList":[{"activeTime":6054549,"calorie":394.81998,"distance":7856.76,"type":1001},{"activeTime":3233508,"calorie":209.90633,"distance":4251.907,"type":-1}],"age":26,"gender":"M","height":170.0,"stepCount":16578,"weight":65.0}