{"activityLevel":0,"activityList":[{"activeTime":2409519,"calorie":182.12999,"distance":3430.17,"type":1001},{"activeTime":6221246,"calorie":458.03906,"distance":8278.651,"type":-1}],"age":27,"gender":"M","height":170.0,"stepCount":15257,"weight":65.0}