{"activityLevel":0,"activityList":[{"activeTime":3663529,"calorie":256.31998,"distance":5171.31,"type":1001},{"activeTime":1331722,"calorie":78.617676,"distance":1702.2701,"type":-1}],"age":26,"gender":"M","height":170.0,"stepCount":9237,"weight":65.0}