{"activityLevel":0,"activityList":[{"activeTime":3756137,"calorie":234.14001,"distance":4710.25,"type":1001},{"activeTime":4120667,"calorie":256.89468,"distance":5722.3438,"type":-1}],"age":29,"gender":"M","height":170.0,"stepCount":13881,"weight":65.0}