{"activityLevel":0,"activityList":[{"activeTime":6331315,"calorie":455.52002,"distance":8659.88,"type":1001},{"activeTime":2481478,"calorie":142.75752,"distance":3192.3965,"type":-1}],"age":26,"gender":"M","height":170.0,"stepCount":16150,"weight":65.0}